metric,value
r2,0.9939660985599956
rmse,8.373283549376346
mae,7.192149131139575
q90_coverage,0.899581589958159
q90_pinball_loss,1.2836173723033122
n_rows,2151.0
